Path	SHA256
D:\Lineage-II-Ashen-Dynasty\l2-ashen-dynasty-rebuild\_disabled_custom_content\armors\armorsets\ashen_dk.xml	dd3cdbaa53c7af367a2b350b33804567bebdfe429f4b2a1dba48e77fc67f65b3
D:\Lineage-II-Ashen-Dynasty\l2-ashen-dynasty-rebuild\_disabled_custom_content\armors\armorsets\ashen_draconic.xml	066fbf0020f64eda5f1aaafb337364a9ca2053a6502ff1d75b47263e85e6c08b
D:\Lineage-II-Ashen-Dynasty\l2-ashen-dynasty-rebuild\_disabled_custom_content\armors\armorsets\ashen_dynarty.xml	9f35e0e361b7b7cff41ac9f176603ea1dd2a5ec5d4265451f8bacfd0fc3f449b
D:\Lineage-II-Ashen-Dynasty\l2-ashen-dynasty-rebuild\_disabled_custom_content\armors\armorsets\ashen_tt.xml	c2077a87388b07b2a87ed2ac14772567fc2e83863d6281bff7923ea25a726387
D:\Lineage-II-Ashen-Dynasty\l2-ashen-dynasty-rebuild\_disabled_custom_content\client-files\apply_ashen_custom_visuals.py	ecc6ffeff017ea5e73cf62b83aa38e46f92bbaafd8219f3076bdc26dd429c43d
D:\Lineage-II-Ashen-Dynasty\l2-ashen-dynasty-rebuild\_disabled_custom_content\client-files\ashen_visual_mesh_map.csv	634a5f30d8d1f973691e03923689bcbc0cf63f9825f0d1f011f3ea5d885a3201
D:\Lineage-II-Ashen-Dynasty\l2-ashen-dynasty-rebuild\_disabled_custom_content\client-files\install-staged-dragon-recolor.ps1	12be38390eb4c59bc2af6114cfc0a1f19c844deba6b9c27be655f821dc34922f
D:\Lineage-II-Ashen-Dynasty\l2-ashen-dynasty-rebuild\_disabled_custom_content\client-files\recolor_dragon_negro_red.py	9088a2395b0571508aba22beb65ff4f72bab7a89c3bcea229d98c7fada097966
D:\Lineage-II-Ashen-Dynasty\l2-ashen-dynasty-rebuild\_disabled_custom_content\npcs\npcs\93000-93099.xml	d860c3e23b7cf1f7b4bab45df865760c2b6131a12733c98460da599f2a613144
D:\Lineage-II-Ashen-Dynasty\l2-ashen-dynasty-rebuild\_disabled_custom_content\npcs\npcs\93100-93199.xml	482b86585e4c6fdf38ff2a5228a5758c6deb73d823a678f98fd81d67892488b2
D:\Lineage-II-Ashen-Dynasty\l2-ashen-dynasty-rebuild\_disabled_custom_content\npcs\npcs\93200-93299.xml	3b5b32e9c1690008791a36a8d6ef538d8740590f4c8c20270f94578fc94dd17a
D:\Lineage-II-Ashen-Dynasty\l2-ashen-dynasty-rebuild\_disabled_custom_content\npcs\npcs\93300-93399.xml	52379856cca33c63250779479bb5777768380cf7bcadea89c60c48d4c0405518
D:\Lineage-II-Ashen-Dynasty\l2-ashen-dynasty-rebuild\_disabled_custom_content\server-items\Recipes.ashen.fragment.xml	430c9f23c43fb86dfd7dba3c127a84c874f8bdf9ec40dcbe1424ef3437890421
D:\Lineage-II-Ashen-Dynasty\l2-ashen-dynasty-rebuild\_disabled_custom_content\server-items\items\09300-09399.xml	60388e9506e99ee96cbbe6907b97b1edc2f50fbc8589d315033a8dde8f4b1450
D:\Lineage-II-Ashen-Dynasty\l2-ashen-dynasty-rebuild\_disabled_custom_content\server-items\items\09400-09499.xml	0967fc886be702ac37094d6dffcae8b2dd0bacc2b3eb3ca19094afc137332eb5
D:\Lineage-II-Ashen-Dynasty\l2-ashen-dynasty-rebuild\_disabled_custom_content\server-items\items\09500-09599.xml	bcdb167ee89753e773a6d2bf968688712774534d4e47224f6c4b9ab5695db8db
D:\Lineage-II-Ashen-Dynasty\l2-ashen-dynasty-rebuild\_disabled_custom_content\server-items\items\09570-09579.xml	55468a9ad70a897fe8340127e07994c92e1b999b64d79f2618cca4348a88cfc0
D:\Lineage-II-Ashen-Dynasty\l2-ashen-dynasty-rebuild\_disabled_custom_content\server-items\items\09600-09699.xml	3001fba00aaf7d47110623cc45df23938e3861af4040463dbdd4fcf58e3ead12
D:\Lineage-II-Ashen-Dynasty\l2-ashen-dynasty-rebuild\_disabled_custom_content\server-items\items\09700-09799.xml	b5516ad004b4f84bfd36b9bbc14e065f00cf8ad93a135af5f1d08802363ebd2b
D:\Lineage-II-Ashen-Dynasty\l2-ashen-dynasty-rebuild\_disabled_custom_content\shops\html\servnews.htm	f690a903603808aca2a666f7bd19c4c24e3c9d110cfe807e240d1059a3263cf2
D:\Lineage-II-Ashen-Dynasty\l2-ashen-dynasty-rebuild\_disabled_custom_content\shops\multisell\ashen_progression\9301001.xml	32f8fed66a660982c2652e6e0b92912afbdc61b24d5ffb40a8942a3306e66251
D:\Lineage-II-Ashen-Dynasty\l2-ashen-dynasty-rebuild\_disabled_custom_content\shops\multisell\ashen_progression\9301002.xml	34f6d982b3672b317a4b8bd7e15fdcd00174e66af2a198a2012829509d21a779
D:\Lineage-II-Ashen-Dynasty\l2-ashen-dynasty-rebuild\_disabled_custom_content\shops\multisell\ashen_progression\9301003.xml	afcfed6a3218cc89c0229e4f58a7c558e702001fe5bfa04282dbd05766d18da2
D:\Lineage-II-Ashen-Dynasty\l2-ashen-dynasty-rebuild\_disabled_custom_content\shops\multisell\ashen_progression\9301004.xml	541562fb6aab084a64df9d5381aac27ef72af586c6c95eb5fbf54f6dd0045bec
D:\Lineage-II-Ashen-Dynasty\l2-ashen-dynasty-rebuild\_disabled_custom_content\shops\multisell\ashen_progression\9301005.xml	833e17beb67a94cee0c137f66b70319741042949153fed89662080b040b6fb56
D:\Lineage-II-Ashen-Dynasty\l2-ashen-dynasty-rebuild\_disabled_custom_content\shops\multisell\ashen_progression\9301101.xml	6161c892c3a530be12e70376ee4a36f4b07ad240c48a758c6ac66080a81ab74a
D:\Lineage-II-Ashen-Dynasty\l2-ashen-dynasty-rebuild\_disabled_custom_content\shops\multisell\ashen_progression\9301102.xml	22416a3c5e63766f5e6024fbdbdd634bc1b7d28d79925f12f84e9d16bac3a27d
D:\Lineage-II-Ashen-Dynasty\l2-ashen-dynasty-rebuild\_disabled_custom_content\shops\multisell\ashen_progression\9301103.xml	f52758ff27ac1f65489adcf88050b54f7d32aa28c7097eed3848e0b428edcb77
D:\Lineage-II-Ashen-Dynasty\l2-ashen-dynasty-rebuild\_disabled_custom_content\shops\multisell\ashen_progression\9301104.xml	f468ed85f8d0064439fa8aa5c2e8209324cb903505b56b7d17754a2d095ab664
D:\Lineage-II-Ashen-Dynasty\l2-ashen-dynasty-rebuild\_disabled_custom_content\shops\multisell\ashen_progression\9301105.xml	17d4f4f1eb07d7afab5a8d7e32263acc79e3398a295d58f2a30db77a753abf25
D:\Lineage-II-Ashen-Dynasty\l2-ashen-dynasty-rebuild\_disabled_custom_content\shops\multisell\ashen_progression\9301201.xml	b059acf97291b6c5883dc8130181c376fe626663abc4a5c8bf075aac9a335e87
D:\Lineage-II-Ashen-Dynasty\l2-ashen-dynasty-rebuild\_disabled_custom_content\shops\multisell\ashen_progression\9301202.xml	d5b7e273e4eccf01bacc8ad9bd29a49a22d2c786fd0e78f930312d4573ce31e4
D:\Lineage-II-Ashen-Dynasty\l2-ashen-dynasty-rebuild\_disabled_custom_content\shops\multisell\ashen_progression\9301203.xml	eff0d0786ec5a4347ebd26f19312268d44858c0abdeabf0eb27140bd25d4c7e2
D:\Lineage-II-Ashen-Dynasty\l2-ashen-dynasty-rebuild\_disabled_custom_content\shops\multisell\ashen_progression\9301204.xml	9dec03c5c7cffa270bd9261d748030197625134664e87d9e18f6b3df0498493f
D:\Lineage-II-Ashen-Dynasty\l2-ashen-dynasty-rebuild\_disabled_custom_content\shops\multisell\ashen_progression\9301205.xml	612ddd76e9df7f9da4b5ceae5bd2a75b410c0c7f9c53d41de3408200af5011a1
D:\Lineage-II-Ashen-Dynasty\l2-ashen-dynasty-rebuild\_disabled_custom_content\shops\multisell\ashen_progression\9301301.xml	a5e8eee79a372234a37cc4f5666cacd40546dfb4a57c7970349dbeba009b08ac
D:\Lineage-II-Ashen-Dynasty\l2-ashen-dynasty-rebuild\_disabled_custom_content\shops\multisell\ashen_progression\9301302.xml	6bb86f2aef4d89c6543adde5e3a6236a16ecff6aed10348ba653123882216dce
D:\Lineage-II-Ashen-Dynasty\l2-ashen-dynasty-rebuild\_disabled_custom_content\shops\multisell\ashen_progression\9301303.xml	433cea1e1b53bc06ad6ac9bedf633e042301d82adde4d811a9c7e0a04d62af2c
D:\Lineage-II-Ashen-Dynasty\l2-ashen-dynasty-rebuild\_disabled_custom_content\shops\multisell\ashen_progression\9301304.xml	8eba0e4420ad4b77da207014e9dcf0d50564b7cfb54ce9c9817f4c71c61724f7
D:\Lineage-II-Ashen-Dynasty\l2-ashen-dynasty-rebuild\_disabled_custom_content\shops\multisell\ashen_progression\9301305.xml	600e47fc17b148a1db4eca4ab244f75648247c933ac79b4562797e7da1de4a4f
D:\Lineage-II-Ashen-Dynasty\l2-ashen-dynasty-rebuild\_disabled_custom_content\shops\multisell\ashen_progression\9301401.xml	2306d6b4fec125e9479ed8700eb1a6e9ec8dc0b1ee198ba2006cff154dcd9c1f
D:\Lineage-II-Ashen-Dynasty\l2-ashen-dynasty-rebuild\_disabled_custom_content\shops\multisell\ashen_progression\9301402.xml	29c3361610d3f846f70f43fb6d057bfadc3de573bdefa591801824d28c7281a9
D:\Lineage-II-Ashen-Dynasty\l2-ashen-dynasty-rebuild\_disabled_custom_content\shops\multisell\ashen_progression\9301403.xml	2c669a969551323ba4f05ffcbb2ed1dc029309e9a9a022c8d6681a28ee5d2ebf
D:\Lineage-II-Ashen-Dynasty\l2-ashen-dynasty-rebuild\_disabled_custom_content\shops\multisell\ashen_progression\9301404.xml	e5b81c051d53b0bebb4693e28f157b5681a1e11c26b26d52dae558e35e54610c
D:\Lineage-II-Ashen-Dynasty\l2-ashen-dynasty-rebuild\_disabled_custom_content\shops\multisell\ashen_progression\9301405.xml	48fe82197c14420c474784fad621d8ae429b1509838c56ba616cc6c4f373e904
D:\Lineage-II-Ashen-Dynasty\l2-ashen-dynasty-rebuild\_disabled_custom_content\shops\multisell\ashen_progression\9301501.xml	7cdb383a86ac59acc8a7e62369f9b67c23ef27e641eebe16f4a83da5d9a7c28b
D:\Lineage-II-Ashen-Dynasty\l2-ashen-dynasty-rebuild\_disabled_custom_content\shops\multisell\ashen_progression\9301502.xml	bd69a733ffee61d56c9c92f408abaca5e8968cd1bf690669122b32f22c232372
D:\Lineage-II-Ashen-Dynasty\l2-ashen-dynasty-rebuild\_disabled_custom_content\shops\multisell\ashen_progression\9301503.xml	e193c46a9dde8778e2f02bccaa39ac12ccf1ef6f675acc15935279aac2666367
D:\Lineage-II-Ashen-Dynasty\l2-ashen-dynasty-rebuild\_disabled_custom_content\shops\multisell\ashen_progression\9301504.xml	7d8f74dbe0ee71886b71a685b614e6890fd717cf2826700ca043daaed605c8cb
D:\Lineage-II-Ashen-Dynasty\l2-ashen-dynasty-rebuild\_disabled_custom_content\shops\multisell\ashen_progression\9301505.xml	9adb5e9c83fa75e7e6df6305f6f9b3685d189f49d18a8a601652017edcea21af
D:\Lineage-II-Ashen-Dynasty\l2-ashen-dynasty-rebuild\_disabled_custom_content\shops\multisell\ashen_progression\9301601.xml	e25e043576fffa349c6f2d0a4ae153ffe51d59bac043d98dc2f0f506307ffc65
D:\Lineage-II-Ashen-Dynasty\l2-ashen-dynasty-rebuild\_disabled_custom_content\shops\multisell\ashen_progression\9301602.xml	79ae51030aa10a5d2366cb6a8848f8a9cdf3f3eb513d91fca8d89ac1bbc3926f
D:\Lineage-II-Ashen-Dynasty\l2-ashen-dynasty-rebuild\_disabled_custom_content\shops\multisell\ashen_progression\9301603.xml	cb49afbf9cbe717828dfc854a580705231729d3ed3c8c9bca2dd1011e1042f41
D:\Lineage-II-Ashen-Dynasty\l2-ashen-dynasty-rebuild\_disabled_custom_content\shops\multisell\ashen_progression\9301604.xml	0fa3cf57dcaf7c58fd9176522d76aa74f18059073fabc9e3ed905de77be6922a
D:\Lineage-II-Ashen-Dynasty\l2-ashen-dynasty-rebuild\_disabled_custom_content\shops\multisell\ashen_progression\9301701.xml	955f57666ff040be991d76b43441409fd85bbb12c070f459e5607f17d82631a2
D:\Lineage-II-Ashen-Dynasty\l2-ashen-dynasty-rebuild\_disabled_custom_content\shops\multisell\ashen_progression\9301702.xml	6b2d392e888678a61a1797b3fcfa622b3f2d333202b996cf4901f545244fd735
D:\Lineage-II-Ashen-Dynasty\l2-ashen-dynasty-rebuild\_disabled_custom_content\shops\multisell\ashen_progression\9301703.xml	a7311de89543ca965947f475392607db24725190c3db53511d6346cc0a980331
D:\Lineage-II-Ashen-Dynasty\l2-ashen-dynasty-rebuild\_disabled_custom_content\shops\multisell\ashen_progression\9301704.xml	f0cd8064afc7fc69b2eecd81eaaa8c56d1ebb9b7d47cddb0abe24a915b139af8
D:\Lineage-II-Ashen-Dynasty\l2-ashen-dynasty-rebuild\_disabled_custom_content\shops\multisell\ashen_progression\9301801.xml	f06dd3563915a02258691d34ed49268f5f9d7a371bb64e6009f5139b5c2c8fcc
D:\Lineage-II-Ashen-Dynasty\l2-ashen-dynasty-rebuild\_disabled_custom_content\shops\multisell\ashen_progression\9301802.xml	b01bc68e6679261959ae0a8cadd443f841ea18b7a3f341d649f2b4eb12051af0
D:\Lineage-II-Ashen-Dynasty\l2-ashen-dynasty-rebuild\_disabled_custom_content\shops\multisell\ashen_progression\9301803.xml	86ba991b69237d551e8aa030caad0bcbaacc269f56370cb6248aad9235c148d8
D:\Lineage-II-Ashen-Dynasty\l2-ashen-dynasty-rebuild\_disabled_custom_content\shops\multisell\ashen_progression\9301804.xml	b9a9d41a55c16ad8ef2c17a4636969bfe9f3d3822a6eab071edd2246c76ee08e
D:\Lineage-II-Ashen-Dynasty\l2-ashen-dynasty-rebuild\_disabled_custom_content\shops\multisell\ashen_progression\9301901.xml	b183876aabd3476cc03b7fb1a18b94a7655685fa9cd5c928d768567863f2f909
D:\Lineage-II-Ashen-Dynasty\l2-ashen-dynasty-rebuild\_disabled_custom_content\shops\multisell\ashen_progression\9301902.xml	1916a048d9f8de053f79dd1212579e748db000db501b868dd2d3b964dc52f054
D:\Lineage-II-Ashen-Dynasty\l2-ashen-dynasty-rebuild\_disabled_custom_content\shops\multisell\ashen_progression\9301903.xml	77fe08a8c40fcd277712aaa4198075373a0fc8e8407f25e5537d2bdb46988918
D:\Lineage-II-Ashen-Dynasty\l2-ashen-dynasty-rebuild\_disabled_custom_content\shops\multisell\ashen_progression\9301904.xml	6c53e86ccdd41c06c0b96015bde71eb3211fcf35754e7277fd3d0a91b53baf79
D:\Lineage-II-Ashen-Dynasty\l2-ashen-dynasty-rebuild\_disabled_custom_content\shops\multisell\ashen_progression\9302001.xml	b9a9d41a55c16ad8ef2c17a4636969bfe9f3d3822a6eab071edd2246c76ee08e
D:\Lineage-II-Ashen-Dynasty\l2-ashen-dynasty-rebuild\_disabled_custom_content\shops\multisell\ashen_progression\9302101.xml	b6e34763cea41d355b079a35d9f200a8631e06dbee6d595dba2a0b5a77c7f87b
D:\Lineage-II-Ashen-Dynasty\l2-ashen-dynasty-rebuild\_disabled_custom_content\shops\multisell\ashen_progression\9302102.xml	bbb3066ea416e84c968ce0063d9c23a9e658f6cf366f068aac0984ddc2631838
D:\Lineage-II-Ashen-Dynasty\l2-ashen-dynasty-rebuild\_disabled_custom_content\shops\multisell\ashen_progression\9302103.xml	b81f6c9c51215ab8e393d6d66cdfe888aad6c28a27c6d1469b42edc270ec22cc
D:\Lineage-II-Ashen-Dynasty\l2-ashen-dynasty-rebuild\_disabled_custom_content\shops\multisell\ashen_progression\9302104.xml	b225cc604541e9bfecd748a1e7db4d084706c2db907a0a922060809a2eb1b478
D:\Lineage-II-Ashen-Dynasty\l2-ashen-dynasty-rebuild\_disabled_custom_content\shops\multisell\ashen_progression\9302105.xml	0e30c6af802420f09389baef035efaaf6e40006a9b49fd384a17402e6e2d2367
D:\Lineage-II-Ashen-Dynasty\l2-ashen-dynasty-rebuild\_disabled_custom_content\shops\multisell\ashen_progression\9302106.xml	61db49fee83877604310ed7bd4e19c3c82b8fac51e3c94cc3c93951369d22b35
D:\Lineage-II-Ashen-Dynasty\l2-ashen-dynasty-rebuild\_disabled_custom_content\shops\multisell\ashen_progression\9302107.xml	cb7a687286d4c7a64785546f4f3ca222728963631ba2fb3f2f8c118761870b8f
D:\Lineage-II-Ashen-Dynasty\l2-ashen-dynasty-rebuild\_disabled_custom_content\shops\multisell\ashen_progression\9302108.xml	294654e804c94208de2eeaedc4ca9e17268c016a5576e385a0233d02c57a4216
D:\Lineage-II-Ashen-Dynasty\l2-ashen-dynasty-rebuild\_disabled_custom_content\skills\EnchantItemData.ashen.fragment.xml	4fde1f9d64a8768d34f15ddd7c95cc04d22d2b1cea2d4b014c42a079d3fda35b
D:\Lineage-II-Ashen-Dynasty\l2-ashen-dynasty-rebuild\_disabled_custom_content\skills\EnchantItemGroups.ashen.fragment.xml	f77bcbe6ba093edb0a5d71ef27c365818952cc5df91100469a0e38b447cfe07e
D:\Lineage-II-Ashen-Dynasty\l2-ashen-dynasty-rebuild\_disabled_custom_content\skills\quests\Q00900_AshenScaleOfTransition\93002-00.htm	420b1f574ef34036d2ddad372a9bd0d6122c5e4375074bb69a4d840bbde0e2ef
D:\Lineage-II-Ashen-Dynasty\l2-ashen-dynasty-rebuild\_disabled_custom_content\skills\quests\Q00900_AshenScaleOfTransition\93002-01.htm	0f73c102ea37ed9663f2d785df62eacc69e4945fa06ab5c31b3d38e820490838
D:\Lineage-II-Ashen-Dynasty\l2-ashen-dynasty-rebuild\_disabled_custom_content\skills\quests\Q00900_AshenScaleOfTransition\93002-02.htm	cd35158319f452dcb93d566e4ead32a6eca94c479a7d599cc018e472e87acd1e
D:\Lineage-II-Ashen-Dynasty\l2-ashen-dynasty-rebuild\_disabled_custom_content\skills\quests\Q00900_AshenScaleOfTransition\93002-03.htm	4b555eb7f90769af2822d2f9fff825ff5fa9201eff237f76d2ceb37e6f75bdb2
D:\Lineage-II-Ashen-Dynasty\l2-ashen-dynasty-rebuild\_disabled_custom_content\skills\quests\Q00900_AshenScaleOfTransition\93002-04.htm	02046fdf0d281e72dda5742c43e163bfc5ad941aea208f90b443baf7b3069279
D:\Lineage-II-Ashen-Dynasty\l2-ashen-dynasty-rebuild\_disabled_custom_content\skills\quests\Q00900_AshenScaleOfTransition\93002-05.htm	d567e7005b29a249d62d996ad32d0809e600c594b51a6fbb80184d0f3a3b6c6e
D:\Lineage-II-Ashen-Dynasty\l2-ashen-dynasty-rebuild\_disabled_custom_content\skills\quests\Q00900_AshenScaleOfTransition\Q00900_AshenScaleOfTransition.java	fdd9869f3799fd707945825be976ff782addabb965b305f84b930487bbdb0fb8
D:\Lineage-II-Ashen-Dynasty\l2-ashen-dynasty-rebuild\_disabled_custom_content\skills\quests\Q00901_AshenEmberOfAscent\93002-00.htm	e12f772bb38a0ee72621276bba2a8ead81751d684fda9211127205179ac77d22
D:\Lineage-II-Ashen-Dynasty\l2-ashen-dynasty-rebuild\_disabled_custom_content\skills\quests\Q00901_AshenEmberOfAscent\93002-01.htm	a1f4925660eca69d68d0f9e606e562f693ec723a538eaefdacb3eb1d9f519143
D:\Lineage-II-Ashen-Dynasty\l2-ashen-dynasty-rebuild\_disabled_custom_content\skills\quests\Q00901_AshenEmberOfAscent\93002-02.htm	f98c274b9b0b14342a19ca983d829b2da9048d33c96020350079bd3b525fa481
D:\Lineage-II-Ashen-Dynasty\l2-ashen-dynasty-rebuild\_disabled_custom_content\skills\quests\Q00901_AshenEmberOfAscent\93002-03.htm	d3316957bd38adf09c13f44f08261ceaca433108db808eba08753ded9b19df19
D:\Lineage-II-Ashen-Dynasty\l2-ashen-dynasty-rebuild\_disabled_custom_content\skills\quests\Q00901_AshenEmberOfAscent\93002-04.htm	b078af3909af3061314cd11f569c77a3dafffe58fd17a53eeb88eeb8e93060eb
D:\Lineage-II-Ashen-Dynasty\l2-ashen-dynasty-rebuild\_disabled_custom_content\skills\quests\Q00901_AshenEmberOfAscent\93002-05.htm	f13bff523c18cad36d8f3a19a752fc593ca28ac3b3b37d9ccd93b8fe8407a726
D:\Lineage-II-Ashen-Dynasty\l2-ashen-dynasty-rebuild\_disabled_custom_content\skills\quests\Q00901_AshenEmberOfAscent\Q00901_AshenEmberOfAscent.java	6c98ad87ce6ea70989edf33883d6e6caf9acd332b66d8dff86bfcd1d5df35561
D:\Lineage-II-Ashen-Dynasty\l2-ashen-dynasty-rebuild\_disabled_custom_content\spawns\Ashen\AshenDkPhoenix.xml	456c382b59a647a96397ff9f0c18839c9245006d5a78a30d7f2d76255f8b79ca
D:\Lineage-II-Ashen-Dynasty\l2-ashen-dynasty-rebuild\_disabled_custom_content\spawns\Ashen\AshenDraconic.xml	1f301194c32ad54908f7b21659cae79d04a7fe26d45e3bc57126e70aefa2a2d9
D:\Lineage-II-Ashen-Dynasty\l2-ashen-dynasty-rebuild\_disabled_custom_content\spawns\Ashen\AshenDynarty.xml	5f56d30eab706be5fd16c7aa3d1bdf57b79ca1991e812e57cd709e0a8c9491a8
D:\Lineage-II-Ashen-Dynasty\l2-ashen-dynasty-rebuild\_disabled_custom_content\spawns\Ashen\AshenHub.xml	73421821a38014a0092456ae5c90be15b5f823b9003f4d892dccb3bf8e9cb896
D:\Lineage-II-Ashen-Dynasty\l2-ashen-dynasty-rebuild\_disabled_custom_content\spawns\Ashen\AshenQuest.xml	a158b9e651a1dcc2c741e5bc8566cd0a8b5c7c4919fa49df14e1e88090d8833a
D:\Lineage-II-Ashen-Dynasty\l2-ashen-dynasty-rebuild\_disabled_custom_content\spawns\Ashen\AshenTT.xml	8ef87ffadaf9d67800349a45aca2e100f0d07147e8dbd1ba15b71708bce676e8
D:\Lineage-II-Ashen-Dynasty\l2-ashen-dynasty-rebuild\_disabled_custom_content\spawns\Giran\AshenHubNPCs.xml	7e4278ecfc5b2acb98bde23f06827cba4747a2d04080b4b7d37066b272f15834
D:\Lineage-II-Ashen-Dynasty\l2-ashen-dynasty-rebuild\_disabled_custom_content\unknown\apply_dark_knight_heavy_pilot.py	d80fe5b4698e5cc3f13310b709147a1caa110cf4f77261d10a57700f111ae9d1
D:\Lineage-II-Ashen-Dynasty\l2-ashen-dynasty-rebuild\_disabled_custom_content\unknown\apply_dark_knight_light_pilot.py	8d902a27cd539998f4cc537e791c9be235f2972da2769929085d874e085acd57
D:\Lineage-II-Ashen-Dynasty\l2-ashen-dynasty-rebuild\_disabled_custom_content\unknown\apply_dark_knight_robe_pilot.py	be39115be0b28eb6c2446b070c6f1d820acff773b525526e64e0778bc5182c56
D:\Lineage-II-Ashen-Dynasty\l2-ashen-dynasty-rebuild\_disabled_custom_content\unknown\apply_draconic_heavy_pilot.py	03ab33ab7af37c6a65c18c300d5d63bcdce322de52d07700b1cc90c54ab3860b
D:\Lineage-II-Ashen-Dynasty\l2-ashen-dynasty-rebuild\_disabled_custom_content\unknown\apply_draconic_light_pilot.py	26ff0fcb7b51f638a776d9931393b65029259580be603b7aa6ea9ffe3525789e
D:\Lineage-II-Ashen-Dynasty\l2-ashen-dynasty-rebuild\_disabled_custom_content\unknown\apply_dynarty_heavy_pilot.py	2e154fcde3f89f37733abf77f0caa8c14c7edb7c36902e35bfd630f7475440be
D:\Lineage-II-Ashen-Dynasty\l2-ashen-dynasty-rebuild\_disabled_custom_content\unknown\apply_dynarty_light_pilot.py	a59aea2407e254bd59d5b05ba5e09d8d8dc1e875dfe19d5aec8d7a627bc17b1f
D:\Lineage-II-Ashen-Dynasty\l2-ashen-dynasty-rebuild\_disabled_custom_content\unknown\apply_dynarty_robe_pilot.py	21f20941ffb7e565cfe786738e643983269cecf22d7eebe8e9480506b17ae768
D:\Lineage-II-Ashen-Dynasty\l2-ashen-dynasty-rebuild\_disabled_custom_content\unknown\apply-local-dark-knight-heavy-pilot.ps1	20f41cccf1c9113fa815cdd668fc420230c2c1270e0f641c1e98d7fd278fc376
D:\Lineage-II-Ashen-Dynasty\l2-ashen-dynasty-rebuild\_disabled_custom_content\unknown\apply-local-dark-knight-light-pilot.ps1	613c87900d7a8d276d299092fd3256ec63e71619c7e9b73b3a6b4575c9373722
D:\Lineage-II-Ashen-Dynasty\l2-ashen-dynasty-rebuild\_disabled_custom_content\unknown\apply-local-dark-knight-robe-pilot.ps1	9a71355c4c6b60ccb362fb5f9dff01e281ec2808d16c43450764e1edeaee7cab
D:\Lineage-II-Ashen-Dynasty\l2-ashen-dynasty-rebuild\_disabled_custom_content\unknown\apply-local-draconic-heavy-pilot.ps1	161a4b365931d838dc47b18fcbe601a21f3357c42bf840a7713be5261a48c2a5
D:\Lineage-II-Ashen-Dynasty\l2-ashen-dynasty-rebuild\_disabled_custom_content\unknown\apply-local-dynarty-heavy-pilot.ps1	bcb0a1aba821ed342a814da3bca9ffb508cafd526c8f2e2145700785edd058a5
D:\Lineage-II-Ashen-Dynasty\l2-ashen-dynasty-rebuild\_disabled_custom_content\unknown\apply-local-dynarty-light-pilot.ps1	3200c142329dedf10b71c210f588a59f5c61c8586423a84dff771d8ae3d443c6
D:\Lineage-II-Ashen-Dynasty\l2-ashen-dynasty-rebuild\_disabled_custom_content\unknown\apply-local-dynarty-robe-pilot.ps1	3e2b73711c9591749083cb5b2c1628acf43e4cbf9968b5a81484b9b8e83913f5
D:\Lineage-II-Ashen-Dynasty\l2-ashen-dynasty-rebuild\_disabled_custom_content\unknown\debug_draconic_light.py	e7fbab46fef0ee2bd82cf3af441eaee2f9a3aa69957ec1d8d5a85a63fd073746
D:\Lineage-II-Ashen-Dynasty\l2-ashen-dynasty-rebuild\_disabled_custom_content\unknown\install-draconic-light-complete.ps1	a165658528d0be97688e29946fb50a0fdbca0a7a4b5fedc9ffeed79e1ddb84af
D:\Lineage-II-Ashen-Dynasty\l2-ashen-dynasty-rebuild\_disabled_custom_content\unknown\repair_draconic_heavy_safe.py	de23516c1f97e7461571d645c6bda5c86177d47b659162fa783ec8f572a82482
D:\Lineage-II-Ashen-Dynasty\l2-ashen-dynasty-rebuild\_disabled_custom_content\unknown\repair_dynarty_heavy_breastplate.py	181672bab688312021c4007339997cd6eab9c2d6d008b46596d2ed146218cb4a
D:\Lineage-II-Ashen-Dynasty\l2-ashen-dynasty-rebuild\_disabled_custom_content\unknown\repair-local-draconic-heavy-safe.ps1	9218f3f05097e12d6e10dbf124fee2a0756ed186f96836312f92491dd4eb690b
D:\Lineage-II-Ashen-Dynasty\l2-ashen-dynasty-rebuild\_disabled_custom_content\unknown\repair-local-dynarty-heavy-breastplate.ps1	c070a7fe6a4c42c2f1a2022ea0c281d35f6d0573113fef9cde756dc9e5ee9493
D:\Lineage-II-Ashen-Dynasty\l2-ashen-dynasty-rebuild\_disabled_custom_content\unknown\ai\others\AshenGmPlaytest\AshenGmPlaytest.java	08f5b4041fd1652c990884a9ac66dac9fbe5299c741fec2ba8f83779dad9f8e6
D:\Lineage-II-Ashen-Dynasty\l2-ashen-dynasty-rebuild\_disabled_custom_content\unknown\ai\others\AshenProgressionHub\93010.htm	9c6c196df9529b3aec82146a56ee00fcb19bf88b5729e0d31c3b45047419202f
D:\Lineage-II-Ashen-Dynasty\l2-ashen-dynasty-rebuild\_disabled_custom_content\unknown\ai\others\AshenProgressionHub\93011.htm	437cdba4462654c99dfff05264fabdc04289a02429042223e9c1f007464bd512
D:\Lineage-II-Ashen-Dynasty\l2-ashen-dynasty-rebuild\_disabled_custom_content\unknown\ai\others\AshenProgressionHub\93012.htm	ea33a4ec27fa7e986bc174c62132cff6fcc0304f3b0fdb2241d88de832c3b36b
D:\Lineage-II-Ashen-Dynasty\l2-ashen-dynasty-rebuild\_disabled_custom_content\unknown\ai\others\AshenProgressionHub\93013.htm	16cf81293d7d353ae22d0896035864557e31c07e5608f5411d91082b2b04a317
D:\Lineage-II-Ashen-Dynasty\l2-ashen-dynasty-rebuild\_disabled_custom_content\unknown\ai\others\AshenProgressionHub\93014.htm	0a15f20d94a7072fb10c114ec3b15787c56728ea05c4fb8d0254851be41ddaaa
D:\Lineage-II-Ashen-Dynasty\l2-ashen-dynasty-rebuild\_disabled_custom_content\unknown\ai\others\AshenProgressionHub\AshenProgressionHub.java	8efc8550135560fdda4a9261c99dc526f2871dbee78c101fd88b339e2c25d03e
D:\Lineage-II-Ashen-Dynasty\l2-ashen-dynasty-rebuild\_disabled_custom_content\unknown\Q00902_AshenCrownOfDynasty\93002-00.htm	2c141b59a2bf59656847179ec4ac2ae3eab3a5dba652da02b64300eeb89b1a6d
D:\Lineage-II-Ashen-Dynasty\l2-ashen-dynasty-rebuild\_disabled_custom_content\unknown\Q00902_AshenCrownOfDynasty\93002-01.htm	e1de38becca4dc8ab9d3e0a1f6597f56ebcf4e4226411d7fff27c76d2033ef72
D:\Lineage-II-Ashen-Dynasty\l2-ashen-dynasty-rebuild\_disabled_custom_content\unknown\Q00902_AshenCrownOfDynasty\93002-02.htm	8f2b906bc40a1c40aa4c9a36c8eb6f9b1f031e272270658800a0e63f1880681f
D:\Lineage-II-Ashen-Dynasty\l2-ashen-dynasty-rebuild\_disabled_custom_content\unknown\Q00902_AshenCrownOfDynasty\93002-03.htm	869b7aba3d512b682c7478304ab46e840ac01df3da200f8efa7f5b5004f14a71
D:\Lineage-II-Ashen-Dynasty\l2-ashen-dynasty-rebuild\_disabled_custom_content\unknown\Q00902_AshenCrownOfDynasty\93002-04.htm	30d5d6d057b8e77384c4367280102f0daedfa20564b5ccb68b5bee21731bb9a1
D:\Lineage-II-Ashen-Dynasty\l2-ashen-dynasty-rebuild\_disabled_custom_content\unknown\Q00902_AshenCrownOfDynasty\93002-05.htm	f601a298357a084095d338f112aa8e32670e5875dc14c1709dccece27be9a90e
D:\Lineage-II-Ashen-Dynasty\l2-ashen-dynasty-rebuild\_disabled_custom_content\unknown\Q00902_AshenCrownOfDynasty\Q00902_AshenCrownOfDynasty.java	a8f40c93e3fe4f082a3cf7b3890d356381a11c34147a39845a9aca43a408eb57
